{"cameraMode":{"drawMode":0,"name":"Shaded","section":"Shading Mode"},"sceneLighting":false,"audioPlay":false,"sceneViewState":{"m_AlwaysRefresh":false,"showFog":true,"showSkybox":true,"showFlares":true,"showImageEffects":true,"showParticleSystems":true,"showVisualEffectGraphs":true,"m_FxEnabled":true},"in2DMode":false,"pivot":{"x":0.43550586700439455,"y":-0.5561113357543945,"z":-4.765872001647949},"rotation":{"x":-0.04064960032701492,"y":-0.953986406326294,"z":0.15180909633636475,"w":-0.25539281964302065},"size":7.2300825119018559,"orthographic":false}